<?xml version="1.0" encoding="UTF-8"?>
<project xmlns="http://maven.apache.org/POM/4.0.0" xmlns:xsi="http://www.w3.org/2001/XMLSchema-instance" xsi:schemaLocation="http://maven.apache.org/POM/4.0.0 http://maven.apache.org/maven-v4_0_0.xsd">
  <parent>
    <artifactId>graal-examples</artifactId>
    <groupId>fr.lirmm.graphik</groupId>
    <version>1.3.rc2</version>
  </parent>
  <modelVersion>4.0.0</modelVersion>
  <artifactId>graal-owl-parser-example</artifactId>
  <name>fr.lirmm.graphik:graal-owl-parser-example</name>
  <build>
    <plugins>
      <plugin>
        <artifactId>maven-shade-plugin</artifactId>
        <version>3.0.0</version>
        <executions>
          <execution>
            <phase>package</phase>
            <goals>
              <goal>shade</goal>
            </goals>
            <configuration>
              <transformers>
                <transformer>
                  <mainClass>fr.lirmm.graphik.graal.examples.owlparser.OWLParser</mainClass>
                </transformer>
              </transformers>
              <minimizeJar>true</minimizeJar>
              <filters>
                <filter>
                  <artifact>net.sourceforge.owlapi:owlapi-apibinding</artifact>
                  <includes>
                    <include>**</include>
                  </includes>
                </filter>
              </filters>
            </configuration>
          </execution>
        </executions>
      </plugin>
    </plugins>
  </build>
</project>

