<?xml version="1.0" encoding="UTF-8"?>
<project xmlns="http://maven.apache.org/POM/4.0.0" xmlns:xsi="http://www.w3.org/2001/XMLSchema-instance" xsi:schemaLocation="http://maven.apache.org/POM/4.0.0 http://maven.apache.org/maven-v4_0_0.xsd">
  <modelVersion>4.0.0</modelVersion>
  <groupId>fr.lirmm.graphik</groupId>
  <artifactId>rewriting-example</artifactId>
  <name>fr.lirmm.graphik:rewriting-example</name>
  <version>1.3.1</version>
  <build>
    <plugins>
      <plugin>
        <artifactId>maven-shade-plugin</artifactId>
        <version>3.0.0</version>
        <executions>
          <execution>
            <phase>package</phase>
            <goals>
              <goal>shade</goal>
            </goals>
            <configuration>
              <transformers>
                <transformer>
                  <mainClass>fr.lirmm.graphik.graal.examples.Rewriting</mainClass>
                </transformer>
              </transformers>
              <transformer>
                <resource>src/main/resources</resource>
              </transformer>
              <minimizeJar>true</minimizeJar>
            </configuration>
          </execution>
        </executions>
      </plugin>
    </plugins>
  </build>
</project>

